gene_symbol,cell_type,organ,disease,cell_expressed_count,total_num_of_cells,pct_of_expressed,average_expression_of_expressed
AASDHPPT,eurydendroid cell,spleen,normal,1,1,100.0,1.2567539640658103
ABCE1,eurydendroid cell,spleen,normal,1,1,100.0,1.6268244548744737
ABRACL,eurydendroid cell,spleen,normal,1,1,100.0,2.413205141933693
ACAD8,eurydendroid cell,spleen,normal,1,1,100.0,1.2510688667602154
ACIN1,eurydendroid cell,spleen,normal,1,1,100.0,1.5139195659536662
ACP1,eurydendroid cell,spleen,normal,1,1,100.0,1.7170806226784865
ACTB,eurydendroid cell,spleen,normal,1,1,100.0,3.6823267976330327
ACTG1,eurydendroid cell,spleen,normal,1,1,100.0,1.4637007949455014
ACY1,eurydendroid cell,spleen,normal,1,1,100.0,1.3793114649731668
ACYP1,eurydendroid cell,spleen,normal,1,1,100.0,1.801763783801887
AGPAT3,eurydendroid cell,spleen,normal,1,1,100.0,1.451252256781004
AIF1,eurydendroid cell,spleen,normal,1,1,100.0,2.361868461867773
AKIP1,eurydendroid cell,spleen,normal,1,1,100.0,1.36190418770616
AKIRIN1,eurydendroid cell,spleen,normal,1,1,100.0,1.2376580117214282
AKR1B1,eurydendroid cell,spleen,normal,1,1,100.0,1.8071537135919284
AKT2,eurydendroid cell,spleen,normal,1,1,100.0,1.7425449789624392
ANAPC11,eurydendroid cell,spleen,normal,1,1,100.0,1.8277335091373468
ANKRD12,eurydendroid cell,spleen,normal,1,1,100.0,1.4394385267209653
ANP32B,eurydendroid cell,spleen,normal,1,1,100.0,1.7194661602501335
ANP32E,eurydendroid cell,spleen,normal,1,1,100.0,1.4394385267209653
ANXA4,eurydendroid cell,spleen,normal,1,1,100.0,1.6588774120486245
ANXA5,eurydendroid cell,spleen,normal,1,1,100.0,1.3957866871972084
AP2M1,eurydendroid cell,spleen,normal,1,1,100.0,1.4429590059547344
APBB3,eurydendroid cell,spleen,normal,1,1,100.0,1.4119783249961282
APOC1,eurydendroid cell,spleen,normal,1,1,100.0,3.453724451937304
ARF5,eurydendroid cell,spleen,normal,1,1,100.0,1.8811423537576963
ARL2,eurydendroid cell,spleen,normal,1,1,100.0,1.5843786253844236
ARL4A,eurydendroid cell,spleen,normal,1,1,100.0,1.320190765245892
ARL5A,eurydendroid cell,spleen,normal,1,1,100.0,1.6512614261270708
ARMC1,eurydendroid cell,spleen,normal,1,1,100.0,1.4472892321810509
ARMCX6,eurydendroid cell,spleen,normal,1,1,100.0,1.5972293948177672
ARPC3,eurydendroid cell,spleen,normal,1,1,100.0,2.552004008794264
ASAP1,eurydendroid cell,spleen,normal,1,1,100.0,1.687934108108941
ATF3,eurydendroid cell,spleen,normal,1,1,100.0,2.169341762298763
ATF5,eurydendroid cell,spleen,normal,1,1,100.0,1.568898558978174
ATF7IP,eurydendroid cell,spleen,normal,1,1,100.0,1.863388785800371
ATG12,eurydendroid cell,spleen,normal,1,1,100.0,1.363278155557931
ATG4B,eurydendroid cell,spleen,normal,1,1,100.0,1.6577841730445155
ATOX1,eurydendroid cell,spleen,normal,1,1,100.0,3.104722787937571
ATP1B3,eurydendroid cell,spleen,normal,1,1,100.0,1.7099727423628954
ATP5F1B,eurydendroid cell,spleen,normal,1,1,100.0,1.582423583303627
ATP5F1C,eurydendroid cell,spleen,normal,1,1,100.0,1.8361325347862747
ATP5F1D,eurydendroid cell,spleen,normal,1,1,100.0,2.2967509161564745
ATP5F1E,eurydendroid cell,spleen,normal,1,1,100.0,2.2385784821698467
ATP5MC1,eurydendroid cell,spleen,normal,1,1,100.0,2.4917853688122964
ATP5MC3,eurydendroid cell,spleen,normal,1,1,100.0,2.137274366579135
ATP5ME,eurydendroid cell,spleen,normal,1,1,100.0,3.969146568752081
ATP5MF,eurydendroid cell,spleen,normal,1,1,100.0,2.6093411412842418
ATP5MG,eurydendroid cell,spleen,normal,1,1,100.0,2.91702675792978
ATP5MJ,eurydendroid cell,spleen,normal,1,1,100.0,1.6721349779917245
ATP5PD,eurydendroid cell,spleen,normal,1,1,100.0,1.8194309365516008
ATP5PF,eurydendroid cell,spleen,normal,1,1,100.0,1.8071537135919284
ATP5PO,eurydendroid cell,spleen,normal,1,1,100.0,1.856116661590158
ATP6V1F,eurydendroid cell,spleen,normal,1,1,100.0,2.309627524198396
ATP6V1G1,eurydendroid cell,spleen,normal,1,1,100.0,1.904726807146109
B2M,eurydendroid cell,spleen,normal,1,1,100.0,3.265002937663157
BANF1,eurydendroid cell,spleen,normal,1,1,100.0,1.7767021840911488
BCAP31,eurydendroid cell,spleen,normal,1,1,100.0,1.5547107431283431
BCL10,eurydendroid cell,spleen,normal,1,1,100.0,1.1497221787672298
BCL2A1,eurydendroid cell,spleen,normal,1,1,100.0,1.6164704306727962
BLOC1S1,eurydendroid cell,spleen,normal,1,1,100.0,2.528077089652488
BLVRB,eurydendroid cell,spleen,normal,1,1,100.0,1.6133952029052012
BOLA2B,eurydendroid cell,spleen,normal,1,1,100.0,2.2400068856043043
BST2,eurydendroid cell,spleen,normal,1,1,100.0,1.5218737267410158
BTF3L4,eurydendroid cell,spleen,normal,1,1,100.0,1.5547107431283431
BTG1,eurydendroid cell,spleen,normal,1,1,100.0,1.1906164006125457
C12orf57,eurydendroid cell,spleen,normal,1,1,100.0,1.7779994747411614
C19orf53,eurydendroid cell,spleen,normal,1,1,100.0,2.607490293810917
C1D,eurydendroid cell,spleen,normal,1,1,100.0,1.555647061795466
C1QA,eurydendroid cell,spleen,normal,1,1,100.0,1.7296968096009495
C1QB,eurydendroid cell,spleen,normal,1,1,100.0,1.3463291131699031
C1QC,eurydendroid cell,spleen,normal,1,1,100.0,1.3056782222629728
C1orf43,eurydendroid cell,spleen,normal,1,1,100.0,1.2371062377246598
C4orf48,eurydendroid cell,spleen,normal,1,1,100.0,2.705244639453827
CAAP1,eurydendroid cell,spleen,normal,1,1,100.0,1.265972491137502
CAD,eurydendroid cell,spleen,normal,1,1,100.0,1.6501803711481542
CALM2,eurydendroid cell,spleen,normal,1,1,100.0,1.2951825663970986
CALM3,eurydendroid cell,spleen,normal,1,1,100.0,1.5209850393211344
CAP1,eurydendroid cell,spleen,normal,1,1,100.0,1.5795018522668416
CAPS2,eurydendroid cell,spleen,normal,1,1,100.0,1.2818808023906731
CBX3,eurydendroid cell,spleen,normal,1,1,100.0,1.4164702404719944
CCDC34,eurydendroid cell,spleen,normal,1,1,100.0,1.1530107920332766
CCL2,eurydendroid cell,spleen,normal,1,1,100.0,1.8759197063059585
CCL3,eurydendroid cell,spleen,normal,1,1,100.0,1.8924601259874256
CCL3L3,eurydendroid cell,spleen,normal,1,1,100.0,1.612373265223416
CCL4,eurydendroid cell,spleen,normal,1,1,100.0,2.999520086907756
CCL4L2,eurydendroid cell,spleen,normal,1,1,100.0,3.191092983055017
CCNL1,eurydendroid cell,spleen,normal,1,1,100.0,1.559405846584043
CCT5,eurydendroid cell,spleen,normal,1,1,100.0,1.6352242196384732
CD163,eurydendroid cell,spleen,normal,1,1,100.0,1.6982858610306275
CD164,eurydendroid cell,spleen,normal,1,1,100.0,1.156320330826987
CD300LF,eurydendroid cell,spleen,normal,1,1,100.0,1.1712340983698877
CD36,eurydendroid cell,spleen,normal,1,1,100.0,1.529027845603502
CD63,eurydendroid cell,spleen,normal,1,1,100.0,2.569514074291208
CD69,eurydendroid cell,spleen,normal,1,1,100.0,1.9950018904893343
CD81,eurydendroid cell,spleen,normal,1,1,100.0,1.505196168740342
CD99_ENSG00000002586,eurydendroid cell,spleen,normal,1,1,100.0,1.581448232349296
CDC37,eurydendroid cell,spleen,normal,1,1,100.0,1.637340639850786
CDIP1,eurydendroid cell,spleen,normal,1,1,100.0,1.5992287581980915
CDK19,eurydendroid cell,spleen,normal,1,1,100.0,1.3510259244466143
CDV3,eurydendroid cell,spleen,normal,1,1,100.0,1.5883061738346025
CETN3,eurydendroid cell,spleen,normal,1,1,100.0,1.5942416066529077
CFL1,eurydendroid cell,spleen,normal,1,1,100.0,1.5435788441018827
CHCHD10,eurydendroid cell,spleen,normal,1,1,100.0,1.997621896376592
CHCHD2,eurydendroid cell,spleen,normal,1,1,100.0,1.6534287193271977
CHCHD7,eurydendroid cell,spleen,normal,1,1,100.0,1.859016829538254
CHD6,eurydendroid cell,spleen,normal,1,1,100.0,1.1344941625041425
CHD9,eurydendroid cell,spleen,normal,1,1,100.0,1.4472892321810509
CHURC1,eurydendroid cell,spleen,normal,1,1,100.0,1.2454414170817625
CIAO2A,eurydendroid cell,spleen,normal,1,1,100.0,1.668796355960266
CIB1,eurydendroid cell,spleen,normal,1,1,100.0,1.498302472721129
CIR1,eurydendroid cell,spleen,normal,1,1,100.0,1.7327345793308897
CISD2,eurydendroid cell,spleen,normal,1,1,100.0,1.5463439780289974
CKS2,eurydendroid cell,spleen,normal,1,1,100.0,1.8098639317640075
CLEC7A,eurydendroid cell,spleen,normal,1,1,100.0,1.4225114060948607
CLIC1,eurydendroid cell,spleen,normal,1,1,100.0,2.184761686431723
CLIP2,eurydendroid cell,spleen,normal,1,1,100.0,1.566988964472481
CLNS1A,eurydendroid cell,spleen,normal,1,1,100.0,1.6959720034879866
CMSS1,eurydendroid cell,spleen,normal,1,1,100.0,1.644800822851269
CNPY3,eurydendroid cell,spleen,normal,1,1,100.0,1.1630030629138397
CNRIP1,eurydendroid cell,spleen,normal,1,1,100.0,1.9211412305367048
COA8,eurydendroid cell,spleen,normal,1,1,100.0,1.67886150968179
COG3,eurydendroid cell,spleen,normal,1,1,100.0,1.7290908367648044
COMMD2,eurydendroid cell,spleen,normal,1,1,100.0,1.6799890481377062
COMMD4,eurydendroid cell,spleen,normal,1,1,100.0,1.6523442072621264
COMMD6,eurydendroid cell,spleen,normal,1,1,100.0,2.5502725394583967
COQ3,eurydendroid cell,spleen,normal,1,1,100.0,1.7206620021384544
CORO1C,eurydendroid cell,spleen,normal,1,1,100.0,1.5922572073710677
COX16,eurydendroid cell,spleen,normal,1,1,100.0,2.0846081180525857
COX5B,eurydendroid cell,spleen,normal,1,1,100.0,2.3674183539319045
COX6A1,eurydendroid cell,spleen,normal,1,1,100.0,1.8722118529004137
COX6B1,eurydendroid cell,spleen,normal,1,1,100.0,3.0130577978976367
COX6C,eurydendroid cell,spleen,normal,1,1,100.0,2.48695460599579
COX7C,eurydendroid cell,spleen,normal,1,1,100.0,3.121029098189929
CREM,eurydendroid cell,spleen,normal,1,1,100.0,1.499160105676065
CRTC3,eurydendroid cell,spleen,normal,1,1,100.0,1.8166845105711216
CST3,eurydendroid cell,spleen,normal,1,1,100.0,2.1478198177661185
CTDSP1,eurydendroid cell,spleen,normal,1,1,100.0,1.339023538986011
CTDSP2,eurydendroid cell,spleen,normal,1,1,100.0,1.4665465043432633
CWC15,eurydendroid cell,spleen,normal,1,1,100.0,1.4923313014748676
CXCL2,eurydendroid cell,spleen,normal,1,1,100.0,3.341974493703311
CXCL3,eurydendroid cell,spleen,normal,1,1,100.0,3.449755536644479
CXCL8,eurydendroid cell,spleen,normal,1,1,100.0,1.909639081826842
CYBA,eurydendroid cell,spleen,normal,1,1,100.0,1.5519098401438227
CYTOR,eurydendroid cell,spleen,normal,1,1,100.0,1.666579641065536
DAB2,eurydendroid cell,spleen,normal,1,1,100.0,2.432548428486656
DAPK1,eurydendroid cell,spleen,normal,1,1,100.0,1.5454209558999814
DAZAP2,eurydendroid cell,spleen,normal,1,1,100.0,1.7029369569250374
DBI,eurydendroid cell,spleen,normal,1,1,100.0,1.7600498316508215
DCP2,eurydendroid cell,spleen,normal,1,1,100.0,1.2288954651773372
DCTN1,eurydendroid cell,spleen,normal,1,1,100.0,1.765132056527656
DCTN2,eurydendroid cell,spleen,normal,1,1,100.0,1.242649009149967
DDA1,eurydendroid cell,spleen,normal,1,1,100.0,2.504803660879897
DDAH2,eurydendroid cell,spleen,normal,1,1,100.0,1.2789007274073745
DDX23,eurydendroid cell,spleen,normal,1,1,100.0,1.4552407601238464
DDX49,eurydendroid cell,spleen,normal,1,1,100.0,1.6352242196384732
DENND10,eurydendroid cell,spleen,normal,1,1,100.0,1.5472683152366955
DFFA,eurydendroid cell,spleen,normal,1,1,100.0,1.1766294774026569
DHRS1,eurydendroid cell,spleen,normal,1,1,100.0,1.298864950667708
DHX40,eurydendroid cell,spleen,normal,1,1,100.0,1.6144187069438254
DLC1,eurydendroid cell,spleen,normal,1,1,100.0,1.1967250666608358
DLD,eurydendroid cell,spleen,normal,1,1,100.0,1.6959720034879866
DNAJC13,eurydendroid cell,spleen,normal,1,1,100.0,1.59523604029034
DNAJC18,eurydendroid cell,spleen,normal,1,1,100.0,2.4191094470248338
DPH6,eurydendroid cell,spleen,normal,1,1,100.0,1.8962716451322736
DUSP1,eurydendroid cell,spleen,normal,1,1,100.0,1.4175984135073971
DUSP2,eurydendroid cell,spleen,normal,1,1,100.0,2.4198504247990207
DUT,eurydendroid cell,spleen,normal,1,1,100.0,2.271591336845584
DYNLL1,eurydendroid cell,spleen,normal,1,1,100.0,2.341381918216898
DYNLRB1,eurydendroid cell,spleen,normal,1,1,100.0,1.9501495047933792
DYNLRB2-AS1,eurydendroid cell,spleen,normal,1,1,100.0,1.396513342784816
EAPP,eurydendroid cell,spleen,normal,1,1,100.0,1.5892917210853197
EDF1,eurydendroid cell,spleen,normal,1,1,100.0,1.6062743027116468
EEA1,eurydendroid cell,spleen,normal,1,1,100.0,1.751243017044786
EEF1A1,eurydendroid cell,spleen,normal,1,1,100.0,3.212132290754375
EEF1B2,eurydendroid cell,spleen,normal,1,1,100.0,3.7235327799769498
EEF1D,eurydendroid cell,spleen,normal,1,1,100.0,1.5679430657980604
EEF2,eurydendroid cell,spleen,normal,1,1,100.0,2.4837493449444743
EIF1,eurydendroid cell,spleen,normal,1,1,100.0,2.504803660879897
EIF1B,eurydendroid cell,spleen,normal,1,1,100.0,1.642660921677333
EIF2A,eurydendroid cell,spleen,normal,1,1,100.0,1.625781826891574
EIF4A2,eurydendroid cell,spleen,normal,1,1,100.0,1.6654739783298578
EIF4EBP1,eurydendroid cell,spleen,normal,1,1,100.0,2.5958596254759003
EIF5A,eurydendroid cell,spleen,normal,1,1,100.0,1.2544729450081702
ELL2,eurydendroid cell,spleen,normal,1,1,100.0,1.903954152378144
ELMO1,eurydendroid cell,spleen,normal,1,1,100.0,1.7587849653128935
ELOB,eurydendroid cell,spleen,normal,1,1,100.0,2.2073201142636303
EMD,eurydendroid cell,spleen,normal,1,1,100.0,1.534446114049491
EMP3,eurydendroid cell,spleen,normal,1,1,100.0,2.7440230299464723
ENO1,eurydendroid cell,spleen,normal,1,1,100.0,2.3800431513058067
ENSG00000232828.1,eurydendroid cell,spleen,normal,1,1,100.0,1.482224370267077
ENSG00000253256.1,eurydendroid cell,spleen,normal,1,1,100.0,1.7806011787521476
ENSG00000262202.4,eurydendroid cell,spleen,normal,1,1,100.0,1.7819056073700943
ENSG00000275895.8,eurydendroid cell,spleen,normal,1,1,100.0,1.465732120870186
ENY2,eurydendroid cell,spleen,normal,1,1,100.0,2.352244822130124
ERGIC3,eurydendroid cell,spleen,normal,1,1,100.0,1.8305223702040525
ERI3,eurydendroid cell,spleen,normal,1,1,100.0,1.4433514121371966
ERP29,eurydendroid cell,spleen,normal,1,1,100.0,1.2123078482723069
ESD,eurydendroid cell,spleen,normal,1,1,100.0,1.365345098272841
ETFA,eurydendroid cell,spleen,normal,1,1,100.0,1.118381441644155
FAM76B,eurydendroid cell,spleen,normal,1,1,100.0,1.6699074182491445
FAU,eurydendroid cell,spleen,normal,1,1,100.0,3.2036074298636743
FBRS,eurydendroid cell,spleen,normal,1,1,100.0,1.2213416408263755
FCER1G,eurydendroid cell,spleen,normal,1,1,100.0,2.501530308004637
FCGRT,eurydendroid cell,spleen,normal,1,1,100.0,1.631011225124321
FCHO2,eurydendroid cell,spleen,normal,1,1,100.0,1.565084923508152
FEM1B,eurydendroid cell,spleen,normal,1,1,100.0,1.6721349779917245
FKBP8,eurydendroid cell,spleen,normal,1,1,100.0,1.3835659242302076
FSCN1,eurydendroid cell,spleen,normal,1,1,100.0,1.6890766513493338
FTH1,eurydendroid cell,spleen,normal,1,1,100.0,4.34365600658937
FTL,eurydendroid cell,spleen,normal,1,1,100.0,5.349932045315454
FUS,eurydendroid cell,spleen,normal,1,1,100.0,1.5698554474978488
FXR1,eurydendroid cell,spleen,normal,1,1,100.0,1.5335399010938362
FXYD2,eurydendroid cell,spleen,normal,1,1,100.0,1.7911040924548725
G0S2,eurydendroid cell,spleen,normal,1,1,100.0,2.732564154948426
G3BP2,eurydendroid cell,spleen,normal,1,1,100.0,1.1520690624667649
GABARAP,eurydendroid cell,spleen,normal,1,1,100.0,2.3386883969588843
GABARAPL2,eurydendroid cell,spleen,normal,1,1,100.0,1.6052632149000092
GAPDH,eurydendroid cell,spleen,normal,1,1,100.0,2.8984524842545807
GEMIN8,eurydendroid cell,spleen,normal,1,1,100.0,1.1781105596816754
GGA3,eurydendroid cell,spleen,normal,1,1,100.0,1.6621677086265267
GIHCG,eurydendroid cell,spleen,normal,1,1,100.0,2.840275338123917
GLUL,eurydendroid cell,spleen,normal,1,1,100.0,1.722459623625934
GMDS,eurydendroid cell,spleen,normal,1,1,100.0,1.6994457038665272
GPATCH2L,eurydendroid cell,spleen,normal,1,1,100.0,1.325325344047828
GPBP1,eurydendroid cell,spleen,normal,1,1,100.0,1.5095429577761297
GPR157,eurydendroid cell,spleen,normal,1,1,100.0,2.06335306654964
GPX4,eurydendroid cell,spleen,normal,1,1,100.0,2.1628236421889357
GRB2,eurydendroid cell,spleen,normal,1,1,100.0,1.2878884512295472
GRK2,eurydendroid cell,spleen,normal,1,1,100.0,1.6268244548744737
GRK4,eurydendroid cell,spleen,normal,1,1,100.0,1.177616404682345
GSPT1,eurydendroid cell,spleen,normal,1,1,100.0,1.2897032266596231
GSTP1,eurydendroid cell,spleen,normal,1,1,100.0,2.284074056210025
GTF2H1,eurydendroid cell,spleen,normal,1,1,100.0,1.5472683152366955
GTF3A,eurydendroid cell,spleen,normal,1,1,100.0,1.5863394789821077
GUK1,eurydendroid cell,spleen,normal,1,1,100.0,2.186989092006964
H1-2,eurydendroid cell,spleen,normal,1,1,100.0,2.26296605890916
H2AC6,eurydendroid cell,spleen,normal,1,1,100.0,1.14831912535155
H2AZ1,eurydendroid cell,spleen,normal,1,1,100.0,2.110499009914009
H2AZ2,eurydendroid cell,spleen,normal,1,1,100.0,2.359107405460352
H2BC4,eurydendroid cell,spleen,normal,1,1,100.0,1.7537480465676702
H3-3A,eurydendroid cell,spleen,normal,1,1,100.0,1.550978879190276
H3-3B,eurydendroid cell,spleen,normal,1,1,100.0,3.501302267722513
HBS1L,eurydendroid cell,spleen,normal,1,1,100.0,1.235454229351507
HCST,eurydendroid cell,spleen,normal,1,1,100.0,1.9803234852316791
HDAC2,eurydendroid cell,spleen,normal,1,1,100.0,1.875176635551775
HDC,eurydendroid cell,spleen,normal,1,1,100.0,2.0070111577523715
HDGF,eurydendroid cell,spleen,normal,1,1,100.0,1.451252256781004
HELZ,eurydendroid cell,spleen,normal,1,1,100.0,1.693665879167067
HERC2,eurydendroid cell,spleen,normal,1,1,100.0,1.7977477668399462
HINT1,eurydendroid cell,spleen,normal,1,1,100.0,1.9600738992922335
HLA-C,eurydendroid cell,spleen,normal,1,1,100.0,1.241535987548871
HLA-DRB5,eurydendroid cell,spleen,normal,1,1,100.0,1.7977477668399462
HLA-E,eurydendroid cell,spleen,normal,1,1,100.0,1.4974459971767136
HMGB1,eurydendroid cell,spleen,normal,1,1,100.0,1.6458733179877068
HMGN1,eurydendroid cell,spleen,normal,1,1,100.0,1.5679430657980604
HMGN2,eurydendroid cell,spleen,normal,1,1,100.0,2.6549931488790826
HNRNPA1,eurydendroid cell,spleen,normal,1,1,100.0,3.8384109685674592
HNRNPC,eurydendroid cell,spleen,normal,1,1,100.0,2.523874160063987
HNRNPDL,eurydendroid cell,spleen,normal,1,1,100.0,1.4641065318394806
HNRNPH1,eurydendroid cell,spleen,normal,1,1,100.0,1.566036251529088
HNRNPUL1,eurydendroid cell,spleen,normal,1,1,100.0,1.1432068701574745
HP1BP3,eurydendroid cell,spleen,normal,1,1,100.0,1.6556029554397342
HPGD,eurydendroid cell,spleen,normal,1,1,100.0,1.345661194901435
HSBP1,eurydendroid cell,spleen,normal,1,1,100.0,1.3983338196655373
HSP90B1,eurydendroid cell,spleen,normal,1,1,100.0,1.1639647470593184
HSPA8,eurydendroid cell,spleen,normal,1,1,100.0,1.4187286771878926
HSPE1,eurydendroid cell,spleen,normal,1,1,100.0,1.8766635297850711
ICAM2,eurydendroid cell,spleen,normal,1,1,100.0,1.378605321215502
ICE2,eurydendroid cell,spleen,normal,1,1,100.0,1.8546708880850369
ID2,eurydendroid cell,spleen,normal,1,1,100.0,1.4528445851694278
IER3,eurydendroid cell,spleen,normal,1,1,100.0,1.233807172274367
IFI44,eurydendroid cell,spleen,normal,1,1,100.0,1.5775612103161627
IFITM2,eurydendroid cell,spleen,normal,1,1,100.0,3.11392731870208
IFITM3,eurydendroid cell,spleen,normal,1,1,100.0,2.9573298999353086
IFNAR2,eurydendroid cell,spleen,normal,1,1,100.0,1.2533359334157816
IFT74,eurydendroid cell,spleen,normal,1,1,100.0,1.7625863778749438
IL1B,eurydendroid cell,spleen,normal,1,1,100.0,1.8085075445499257
ILF3,eurydendroid cell,spleen,normal,1,1,100.0,1.5584641171952074
IPO7,eurydendroid cell,spleen,normal,1,1,100.0,2.048252976482292
ITGA4,eurydendroid cell,spleen,normal,1,1,100.0,1.322110902210761
ITM2B,eurydendroid cell,spleen,normal,1,1,100.0,1.9070496174267035
JPX,eurydendroid cell,spleen,normal,1,1,100.0,1.180588276592671
JTB,eurydendroid cell,spleen,normal,1,1,100.0,1.506063157629333
JUNB,eurydendroid cell,spleen,normal,1,1,100.0,2.0643066802139907
JUND,eurydendroid cell,spleen,normal,1,1,100.0,1.2789007274073745
KCTD20,eurydendroid cell,spleen,normal,1,1,100.0,1.17025902448753
KDM6B,eurydendroid cell,spleen,normal,1,1,100.0,1.516559989502786
KLF6,eurydendroid cell,spleen,normal,1,1,100.0,2.6817686726827814
KMT2E-AS1,eurydendroid cell,spleen,normal,1,1,100.0,1.686793459376463
KNOP1,eurydendroid cell,spleen,normal,1,1,100.0,1.2240274498046315
KRTCAP2,eurydendroid cell,spleen,normal,1,1,100.0,2.567746878433311
LAGE3,eurydendroid cell,spleen,normal,1,1,100.0,1.4480798120244551
LAMTOR5,eurydendroid cell,spleen,normal,1,1,100.0,1.711152347906996
LAT,eurydendroid cell,spleen,normal,1,1,100.0,1.5317312861380674
LCP1,eurydendroid cell,spleen,normal,1,1,100.0,1.6042536608818283
LDHA,eurydendroid cell,spleen,normal,1,1,100.0,1.6676870985908463
LDHB,eurydendroid cell,spleen,normal,1,1,100.0,1.6925157029482731
LETMD1,eurydendroid cell,spleen,normal,1,1,100.0,1.6732514857015182
LGALS9,eurydendroid cell,spleen,normal,1,1,100.0,1.666579641065536
LIF-AS2,eurydendroid cell,spleen,normal,1,1,100.0,1.6022391382380985
LIMD2,eurydendroid cell,spleen,normal,1,1,100.0,1.5932486636256211
LINC01001,eurydendroid cell,spleen,normal,1,1,100.0,1.10063350518343
LINC01089,eurydendroid cell,spleen,normal,1,1,100.0,1.4665465043432633
LITAF,eurydendroid cell,spleen,normal,1,1,100.0,1.8417864515118163
LMNB1,eurydendroid cell,spleen,normal,1,1,100.0,1.3151013641295255
LMO4,eurydendroid cell,spleen,normal,1,1,100.0,2.516360775916612
LRMDA,eurydendroid cell,spleen,normal,1,1,100.0,2.294199747191606
LRRC59,eurydendroid cell,spleen,normal,1,1,100.0,1.1170614493321902
LSM7,eurydendroid cell,spleen,normal,1,1,100.0,2.5331481199142587
LST1,eurydendroid cell,spleen,normal,1,1,100.0,1.8993350804920517
LYAR,eurydendroid cell,spleen,normal,1,1,100.0,1.3350768007558182
LYRM7,eurydendroid cell,spleen,normal,1,1,100.0,2.0595503118603715
M6PR,eurydendroid cell,spleen,normal,1,1,100.0,1.7676869253110437
MACROH2A1,eurydendroid cell,spleen,normal,1,1,100.0,1.117941062366466
MAD2L1BP,eurydendroid cell,spleen,normal,1,1,100.0,1.7851771723594378
MALAT1,eurydendroid cell,spleen,normal,1,1,100.0,3.636376974191884
MAN2A2,eurydendroid cell,spleen,normal,1,1,100.0,1.7278804658315392
MAP1LC3A,eurydendroid cell,spleen,normal,1,1,100.0,1.498302472721129
MAP3K13,eurydendroid cell,spleen,normal,1,1,100.0,1.4363259925930325
MAPK1IP1L,eurydendroid cell,spleen,normal,1,1,100.0,1.9070496174267035
MAPK8IP3,eurydendroid cell,spleen,normal,1,1,100.0,1.5299277322211016
MAPKAPK2,eurydendroid cell,spleen,normal,1,1,100.0,1.14925407247601
MARCHF7,eurydendroid cell,spleen,normal,1,1,100.0,1.4355503101751244
MAZ,eurydendroid cell,spleen,normal,1,1,100.0,1.151598836673937
MBD5,eurydendroid cell,spleen,normal,1,1,100.0,1.5017399756862584
MDH2,eurydendroid cell,spleen,normal,1,1,100.0,2.349515665571363
MEA1,eurydendroid cell,spleen,normal,1,1,100.0,1.264232394401292
MEAF6,eurydendroid cell,spleen,normal,1,1,100.0,1.202904170048272
MED19,eurydendroid cell,spleen,normal,1,1,100.0,1.3516999698056038
MED4,eurydendroid cell,spleen,normal,1,1,100.0,1.4855753968548917
MEF2C,eurydendroid cell,spleen,normal,1,1,100.0,2.274072610767845
METTL25,eurydendroid cell,spleen,normal,1,1,100.0,1.6699074182491445
MFN1,eurydendroid cell,spleen,normal,1,1,100.0,1.560348937025502
MFNG,eurydendroid cell,spleen,normal,1,1,100.0,1.79242789639303
MFSD1,eurydendroid cell,spleen,normal,1,1,100.0,1.5417419544029525
MGST2,eurydendroid cell,spleen,normal,1,1,100.0,1.6588774120486245
MGST3,eurydendroid cell,spleen,normal,1,1,100.0,1.6415935063757567
MIA3,eurydendroid cell,spleen,normal,1,1,100.0,1.8249553645938763
MIF,eurydendroid cell,spleen,normal,1,1,100.0,2.5097374751296617
MIOS,eurydendroid cell,spleen,normal,1,1,100.0,1.368112270546504
MIR181A1HG,eurydendroid cell,spleen,normal,1,1,100.0,1.1390614174419078
MLF1,eurydendroid cell,spleen,normal,1,1,100.0,1.2488110234618262
MOB2,eurydendroid cell,spleen,normal,1,1,100.0,1.7029369569250374
MPZL3,eurydendroid cell,spleen,normal,1,1,100.0,1.3013331297145576
MRPL11,eurydendroid cell,spleen,normal,1,1,100.0,1.2729873883834746
MRPL14,eurydendroid cell,spleen,normal,1,1,100.0,1.4560415426750488
MRPL19,eurydendroid cell,spleen,normal,1,1,100.0,1.6811184434401214
MRPL21,eurydendroid cell,spleen,normal,1,1,100.0,2.331992871344189
MRPL23,eurydendroid cell,spleen,normal,1,1,100.0,2.346795498891796
MRPL28,eurydendroid cell,spleen,normal,1,1,100.0,1.1436695382143838
MRPL4,eurydendroid cell,spleen,normal,1,1,100.0,1.339023538986011
MRPL46,eurydendroid cell,spleen,normal,1,1,100.0,1.4332291122828364
MRPL48,eurydendroid cell,spleen,normal,1,1,100.0,1.5308288780620949
MRPL52,eurydendroid cell,spleen,normal,1,1,100.0,2.851192617542178
MRPL54,eurydendroid cell,spleen,normal,1,1,100.0,2.523036057129036
MRPL55,eurydendroid cell,spleen,normal,1,1,100.0,1.7052742868236914
MRPS21,eurydendroid cell,spleen,normal,1,1,100.0,2.1303215475253743
MRPS23,eurydendroid cell,spleen,normal,1,1,100.0,1.7741146876279934
MRPS24,eurydendroid cell,spleen,normal,1,1,100.0,1.671020290553818
MS4A6A,eurydendroid cell,spleen,normal,1,1,100.0,1.7254660007712077
MS4A7,eurydendroid cell,spleen,normal,1,1,100.0,1.682249700901712
MT-ATP6,eurydendroid cell,spleen,normal,1,1,100.0,4.033585006302052
MT-ATP8,eurydendroid cell,spleen,normal,1,1,100.0,2.785346215475001
MT-CO1,eurydendroid cell,spleen,normal,1,1,100.0,3.870106597546204
MT-CO2,eurydendroid cell,spleen,normal,1,1,100.0,4.581230843222695
MT-CO3,eurydendroid cell,spleen,normal,1,1,100.0,4.578341080863587
MT-CYB,eurydendroid cell,spleen,normal,1,1,100.0,2.865133395455843
MT-ND1,eurydendroid cell,spleen,normal,1,1,100.0,2.0261432346912707
MT-ND2,eurydendroid cell,spleen,normal,1,1,100.0,1.9517944988363476
MT-ND3,eurydendroid cell,spleen,normal,1,1,100.0,4.301021405551739
MT-ND4,eurydendroid cell,spleen,normal,1,1,100.0,2.688170345035471
MT-ND4L,eurydendroid cell,spleen,normal,1,1,100.0,2.4508087150229296
MT-ND5,eurydendroid cell,spleen,normal,1,1,100.0,1.498302472721129
MTCH1,eurydendroid cell,spleen,normal,1,1,100.0,1.150425130866612
MTCH2,eurydendroid cell,spleen,normal,1,1,100.0,1.467361950244998
MTF2,eurydendroid cell,spleen,normal,1,1,100.0,1.2818808023906731
MTFMT,eurydendroid cell,spleen,normal,1,1,100.0,1.3436619903449707
MTHFD2L,eurydendroid cell,spleen,normal,1,1,100.0,1.174661134025106
MTX2,eurydendroid cell,spleen,normal,1,1,100.0,1.5795018522668416
MUTYH,eurydendroid cell,spleen,normal,1,1,100.0,1.307550533478354
MYADM,eurydendroid cell,spleen,normal,1,1,100.0,1.5547107431283431
MYEF2,eurydendroid cell,spleen,normal,1,1,100.0,2.110499009914009
MYL12B,eurydendroid cell,spleen,normal,1,1,100.0,1.375789064808579
MYL6,eurydendroid cell,spleen,normal,1,1,100.0,2.9937796115457185
MYL6B,eurydendroid cell,spleen,normal,1,1,100.0,1.6341684969814494
MZT2A,eurydendroid cell,spleen,normal,1,1,100.0,1.7792991370913251
MZT2B,eurydendroid cell,spleen,normal,1,1,100.0,2.022519355655686
N4BP2L2,eurydendroid cell,spleen,normal,1,1,100.0,1.5785308158410332
NAA38,eurydendroid cell,spleen,normal,1,1,100.0,1.9008715701860923
NAA40,eurydendroid cell,spleen,normal,1,1,100.0,1.5317312861380674
NAAA,eurydendroid cell,spleen,normal,1,1,100.0,1.6654739783298578
NACA,eurydendroid cell,spleen,normal,1,1,100.0,3.2508224157179666
NCBP2,eurydendroid cell,spleen,normal,1,1,100.0,1.353726746801129
NCOA7,eurydendroid cell,spleen,normal,1,1,100.0,1.632062004175848
NDC80,eurydendroid cell,spleen,normal,1,1,100.0,1.9008715701860923
NDUFA1,eurydendroid cell,spleen,normal,1,1,100.0,2.7696221789546827
NDUFA4,eurydendroid cell,spleen,normal,1,1,100.0,1.9306860976762292
NDUFA6,eurydendroid cell,spleen,normal,1,1,100.0,1.3701961413483752
NDUFB1,eurydendroid cell,spleen,normal,1,1,100.0,3.3495281604704994
NDUFB10,eurydendroid cell,spleen,normal,1,1,100.0,1.733953391427291
NDUFB2,eurydendroid cell,spleen,normal,1,1,100.0,2.5399567354360397
NDUFB4,eurydendroid cell,spleen,normal,1,1,100.0,1.8263431018364948
NDUFB5,eurydendroid cell,spleen,normal,1,1,100.0,1.6632680171131615
NDUFB9,eurydendroid cell,spleen,normal,1,1,100.0,1.527231838044341
NDUFC1,eurydendroid cell,spleen,normal,1,1,100.0,1.6556029554397342
NDUFS5,eurydendroid cell,spleen,normal,1,1,100.0,1.955095330296016
NDUFS6,eurydendroid cell,spleen,normal,1,1,100.0,2.5766194833709166
NDUFS7,eurydendroid cell,spleen,normal,1,1,100.0,1.3357327405531183
NFKB1,eurydendroid cell,spleen,normal,1,1,100.0,1.1105126268592858
NFKBIA,eurydendroid cell,spleen,normal,1,1,100.0,1.966203850744352
NME4,eurydendroid cell,spleen,normal,1,1,100.0,1.3821444082708294
NOP10,eurydendroid cell,spleen,normal,1,1,100.0,2.596467867982816
NOTCH2,eurydendroid cell,spleen,normal,1,1,100.0,1.8417864515118163
NPAT,eurydendroid cell,spleen,normal,1,1,100.0,1.2023865218620091
NPIPB12,eurydendroid cell,spleen,normal,1,1,100.0,1.6925157029482731
NPM1,eurydendroid cell,spleen,normal,1,1,100.0,1.73639740115608
NR4A1,eurydendroid cell,spleen,normal,1,1,100.0,2.1881051303535397
NRP2,eurydendroid cell,spleen,normal,1,1,100.0,1.3701961413483752
NSMAF,eurydendroid cell,spleen,normal,1,1,100.0,1.8489162971190456
NTPCR,eurydendroid cell,spleen,normal,1,1,100.0,1.4772310342824468
NUP153-AS1,eurydendroid cell,spleen,normal,1,1,100.0,1.2573256820797951
NUP93,eurydendroid cell,spleen,normal,1,1,100.0,1.8460559650364008
NUTF2,eurydendroid cell,spleen,normal,1,1,100.0,1.9600738992922335
OAZ1,eurydendroid cell,spleen,normal,1,1,100.0,2.014427775167478
OAZ2,eurydendroid cell,spleen,normal,1,1,100.0,1.6959720034879866
OCIAD2,eurydendroid cell,spleen,normal,1,1,100.0,1.800422608092027
OST4,eurydendroid cell,spleen,normal,1,1,100.0,3.073478472795991
OSTC,eurydendroid cell,spleen,normal,1,1,100.0,2.350879116699104
OTUD4,eurydendroid cell,spleen,normal,1,1,100.0,1.6299620850675598
PA2G4,eurydendroid cell,spleen,normal,1,1,100.0,2.6814330407146567
PABPC1,eurydendroid cell,spleen,normal,1,1,100.0,2.025780075084477
PABPC4,eurydendroid cell,spleen,normal,1,1,100.0,1.1591738990370044
PACS1,eurydendroid cell,spleen,normal,1,1,100.0,1.8125844089943268
PAFAH1B3,eurydendroid cell,spleen,normal,1,1,100.0,1.7689678241803934
PAIP2,eurydendroid cell,spleen,normal,1,1,100.0,1.6012341616566634
PAK2,eurydendroid cell,spleen,normal,1,1,100.0,1.7170806226784865
PARG,eurydendroid cell,spleen,normal,1,1,100.0,1.13677271879206
PARVG,eurydendroid cell,spleen,normal,1,1,100.0,1.4386589183339464
PCBP2,eurydendroid cell,spleen,normal,1,1,100.0,2.355668993460555
PCM1,eurydendroid cell,spleen,normal,1,1,100.0,1.7087951393793572
PCNX4,eurydendroid cell,spleen,normal,1,1,100.0,1.6913674432627313
PDE4B,eurydendroid cell,spleen,normal,1,1,100.0,1.8361325347862747
PDIA6,eurydendroid cell,spleen,normal,1,1,100.0,1.3147847614895665
PDK4,eurydendroid cell,spleen,normal,1,1,100.0,1.7147032393848916
PDLIM1,eurydendroid cell,spleen,normal,1,1,100.0,1.6012341616566634
PDXK,eurydendroid cell,spleen,normal,1,1,100.0,1.372287338331169
PDZD11,eurydendroid cell,spleen,normal,1,1,100.0,1.349008408588062
PEBP1,eurydendroid cell,spleen,normal,1,1,100.0,1.372287338331169
PET100,eurydendroid cell,spleen,normal,1,1,100.0,3.2910125090006463
PEX19,eurydendroid cell,spleen,normal,1,1,100.0,1.632062004175848
PFDN5,eurydendroid cell,spleen,normal,1,1,100.0,2.382874929958554
PFN1,eurydendroid cell,spleen,normal,1,1,100.0,2.809469424719756
PGD,eurydendroid cell,spleen,normal,1,1,100.0,1.751243017044786
PGK1,eurydendroid cell,spleen,normal,1,1,100.0,2.148882143320721
PGS1,eurydendroid cell,spleen,normal,1,1,100.0,1.4316865008288349
PHF11,eurydendroid cell,spleen,normal,1,1,100.0,1.6083010957948427
PIF1,eurydendroid cell,spleen,normal,1,1,100.0,1.3416695809958787
PIM3,eurydendroid cell,spleen,normal,1,1,100.0,1.1722109806200025
PIN4,eurydendroid cell,spleen,normal,1,1,100.0,1.264232394401292
PIP4P2,eurydendroid cell,spleen,normal,1,1,100.0,1.5584641171952074
PKM,eurydendroid cell,spleen,normal,1,1,100.0,1.2008365602491728
PKN1,eurydendroid cell,spleen,normal,1,1,100.0,1.7315178871330306
PLAC9,eurydendroid cell,spleen,normal,1,1,100.0,1.982035687401296
PLAU,eurydendroid cell,spleen,normal,1,1,100.0,1.648023420659345
PNN,eurydendroid cell,spleen,normal,1,1,100.0,1.7779994747411614
PNRC1,eurydendroid cell,spleen,normal,1,1,100.0,2.338016389848176
POLR1F,eurydendroid cell,spleen,normal,1,1,100.0,1.3646553165019402
POLR2A,eurydendroid cell,spleen,normal,1,1,100.0,1.7977477668399462
POLR2K,eurydendroid cell,spleen,normal,1,1,100.0,2.0343600835615607
POLR2L,eurydendroid cell,spleen,normal,1,1,100.0,1.6699074182491445
POMP,eurydendroid cell,spleen,normal,1,1,100.0,1.3667270722294176
PPDPF,eurydendroid cell,spleen,normal,1,1,100.0,2.518024693463175
PPIA,eurydendroid cell,spleen,normal,1,1,100.0,1.9262961944001156
PPIB,eurydendroid cell,spleen,normal,1,1,100.0,1.5095429577761297
PPM1N,eurydendroid cell,spleen,normal,1,1,100.0,1.575626277521471
PPP1CA,eurydendroid cell,spleen,normal,1,1,100.0,1.1572697873223203
PPP1R14A,eurydendroid cell,spleen,normal,1,1,100.0,1.8221878642633569
PRDX1,eurydendroid cell,spleen,normal,1,1,100.0,2.526393428748366
PRDX2,eurydendroid cell,spleen,normal,1,1,100.0,1.6577841730445155
PRG2,eurydendroid cell,spleen,normal,1,1,100.0,2.0735859241756827
PRKDC,eurydendroid cell,spleen,normal,1,1,100.0,1.128167542510184
PRMT1,eurydendroid cell,spleen,normal,1,1,100.0,2.22116644646866
PRR13,eurydendroid cell,spleen,normal,1,1,100.0,1.610334072444782
PRRC2A,eurydendroid cell,spleen,normal,1,1,100.0,1.5612933918926626
PRSS57,eurydendroid cell,spleen,normal,1,1,100.0,1.3750870721479398
PSMA1,eurydendroid cell,spleen,normal,1,1,100.0,1.771536587528483
PSMA4,eurydendroid cell,spleen,normal,1,1,100.0,1.6632680171131615
PSMA7,eurydendroid cell,spleen,normal,1,1,100.0,1.5491209477324344
PSMB3,eurydendroid cell,spleen,normal,1,1,100.0,1.8947446761469924
PSMB5,eurydendroid cell,spleen,normal,1,1,100.0,1.5500492494712172
PSMB6,eurydendroid cell,spleen,normal,1,1,100.0,2.7198492330819004
PSMD6,eurydendroid cell,spleen,normal,1,1,100.0,1.2510688667602154
PSME1,eurydendroid cell,spleen,normal,1,1,100.0,1.475575364058236
PSMG4,eurydendroid cell,spleen,normal,1,1,100.0,1.6154437814805849
PTBP1,eurydendroid cell,spleen,normal,1,1,100.0,1.1870850181994403
PTCD2,eurydendroid cell,spleen,normal,1,1,100.0,1.1105126268592858
PTDSS1,eurydendroid cell,spleen,normal,1,1,100.0,1.3100564819995293
PTGES3,eurydendroid cell,spleen,normal,1,1,100.0,1.1100790422891682
PTMA,eurydendroid cell,spleen,normal,1,1,100.0,4.048997051764375
PTP4A2,eurydendroid cell,spleen,normal,1,1,100.0,2.25807816762088
PTTG1,eurydendroid cell,spleen,normal,1,1,100.0,1.686793459376463
PWP1,eurydendroid cell,spleen,normal,1,1,100.0,1.5472683152366955
PYCARD,eurydendroid cell,spleen,normal,1,1,100.0,1.67436981884319
RAB13,eurydendroid cell,spleen,normal,1,1,100.0,1.309428969705415
RAB32,eurydendroid cell,spleen,normal,1,1,100.0,1.3750870721479398
RAB5A,eurydendroid cell,spleen,normal,1,1,100.0,1.5095429577761297
RAB8A,eurydendroid cell,spleen,normal,1,1,100.0,1.863388785800371
RACK1,eurydendroid cell,spleen,normal,1,1,100.0,1.5547107431283431
RAD9A,eurydendroid cell,spleen,normal,1,1,100.0,1.4931808880004276
RALY,eurydendroid cell,spleen,normal,1,1,100.0,1.6174986586938764
RASSF4,eurydendroid cell,spleen,normal,1,1,100.0,1.7897827379675773
RBBP4,eurydendroid cell,spleen,normal,1,1,100.0,1.7158909147832484
RBIS,eurydendroid cell,spleen,normal,1,1,100.0,1.851787911868758
RBM23,eurydendroid cell,spleen,normal,1,1,100.0,2.4679028343393696
RBM4B,eurydendroid cell,spleen,normal,1,1,100.0,1.559405846584043
RBM8A,eurydendroid cell,spleen,normal,1,1,100.0,1.6164704306727962
RBMX,eurydendroid cell,spleen,normal,1,1,100.0,1.0993591444369304
RBP1,eurydendroid cell,spleen,normal,1,1,100.0,1.5463439780289974
RBX1,eurydendroid cell,spleen,normal,1,1,100.0,1.8539490745536424
RCC1L,eurydendroid cell,spleen,normal,1,1,100.0,1.1268219571863884
RCN2,eurydendroid cell,spleen,normal,1,1,100.0,1.1053340813359651
RELB,eurydendroid cell,spleen,normal,1,1,100.0,2.1393722217689133
RENBP,eurydendroid cell,spleen,normal,1,1,100.0,1.7315178871330306
REX1BD,eurydendroid cell,spleen,normal,1,1,100.0,1.4830604579853055
RGS19,eurydendroid cell,spleen,normal,1,1,100.0,1.3113135643794946
RHOA,eurydendroid cell,spleen,normal,1,1,100.0,1.8370717997029036
RHOBTB3,eurydendroid cell,spleen,normal,1,1,100.0,1.856116661590158
RNASE1,eurydendroid cell,spleen,normal,1,1,100.0,1.5227636467445675
RNASEH2B,eurydendroid cell,spleen,normal,1,1,100.0,1.1850775481787867
RNF126,eurydendroid cell,spleen,normal,1,1,100.0,1.1606065521201032
RNF5,eurydendroid cell,spleen,normal,1,1,100.0,1.6621677086265267
ROMO1,eurydendroid cell,spleen,normal,1,1,100.0,2.2617413221126057
RPL10,eurydendroid cell,spleen,normal,1,1,100.0,4.843406778132
RPL10A,eurydendroid cell,spleen,normal,1,1,100.0,2.8541266395157985
RPL11,eurydendroid cell,spleen,normal,1,1,100.0,4.09730484134087
RPL12,eurydendroid cell,spleen,normal,1,1,100.0,4.447314689127513
RPL13,eurydendroid cell,spleen,normal,1,1,100.0,3.81124730903916
RPL13A,eurydendroid cell,spleen,normal,1,1,100.0,1.3100564819995293
RPL14,eurydendroid cell,spleen,normal,1,1,100.0,3.3586011621214444
RPL15,eurydendroid cell,spleen,normal,1,1,100.0,3.454195568379468
RPL17,eurydendroid cell,spleen,normal,1,1,100.0,3.29630308342087
RPL18,eurydendroid cell,spleen,normal,1,1,100.0,3.859121054831797
RPL18A,eurydendroid cell,spleen,normal,1,1,100.0,4.254266393511616
RPL19,eurydendroid cell,spleen,normal,1,1,100.0,3.974248326456448
RPL21,eurydendroid cell,spleen,normal,1,1,100.0,3.83098258158938
RPL22,eurydendroid cell,spleen,normal,1,1,100.0,3.2199511205489757
RPL22L1,eurydendroid cell,spleen,normal,1,1,100.0,3.116106617790865
RPL23,eurydendroid cell,spleen,normal,1,1,100.0,3.109584232828956
RPL23A,eurydendroid cell,spleen,normal,1,1,100.0,2.825528972583257
RPL24,eurydendroid cell,spleen,normal,1,1,100.0,3.336972523943293
RPL26,eurydendroid cell,spleen,normal,1,1,100.0,4.220794147465167
RPL27,eurydendroid cell,spleen,normal,1,1,100.0,1.8546708880850369
RPL27A,eurydendroid cell,spleen,normal,1,1,100.0,2.453891041433257
RPL28,eurydendroid cell,spleen,normal,1,1,100.0,4.690322461745129
RPL29,eurydendroid cell,spleen,normal,1,1,100.0,4.327196869514612
RPL3,eurydendroid cell,spleen,normal,1,1,100.0,2.2532195703148985
RPL30,eurydendroid cell,spleen,normal,1,1,100.0,4.355462442895639
RPL31,eurydendroid cell,spleen,normal,1,1,100.0,2.5718760132025134
RPL32,eurydendroid cell,spleen,normal,1,1,100.0,4.517962532691203
RPL34,eurydendroid cell,spleen,normal,1,1,100.0,4.626641986200733
RPL35,eurydendroid cell,spleen,normal,1,1,100.0,3.924163074754693
RPL35A,eurydendroid cell,spleen,normal,1,1,100.0,4.227819949038897
RPL36,eurydendroid cell,spleen,normal,1,1,100.0,4.589694019775776
RPL36A,eurydendroid cell,spleen,normal,1,1,100.0,3.331446106561023
RPL36AL,eurydendroid cell,spleen,normal,1,1,100.0,2.3333276280265047
RPL37,eurydendroid cell,spleen,normal,1,1,100.0,4.282197992453836
RPL37A,eurydendroid cell,spleen,normal,1,1,100.0,2.3044525423250324
RPL38,eurydendroid cell,spleen,normal,1,1,100.0,3.3022912322939035
RPL39,eurydendroid cell,spleen,normal,1,1,100.0,5.944926988529218
RPL4,eurydendroid cell,spleen,normal,1,1,100.0,1.7388499682898964
RPL41,eurydendroid cell,spleen,normal,1,1,100.0,5.900240489747333
RPL5,eurydendroid cell,spleen,normal,1,1,100.0,3.7333275368560233
RPL6,eurydendroid cell,spleen,normal,1,1,100.0,3.8139981120510833
RPL7,eurydendroid cell,spleen,normal,1,1,100.0,2.91702675792978
RPL7A,eurydendroid cell,spleen,normal,1,1,100.0,3.19516067371255
RPL8,eurydendroid cell,spleen,normal,1,1,100.0,4.053426640833058
RPL9,eurydendroid cell,spleen,normal,1,1,100.0,2.725477565548585
RPLP0,eurydendroid cell,spleen,normal,1,1,100.0,4.526184918539008
RPLP1,eurydendroid cell,spleen,normal,1,1,100.0,4.059119671746328
RPLP2,eurydendroid cell,spleen,normal,1,1,100.0,3.8582963666807455
RPN1,eurydendroid cell,spleen,normal,1,1,100.0,1.8766635297850711
RPS11,eurydendroid cell,spleen,normal,1,1,100.0,1.856116661590158
RPS12,eurydendroid cell,spleen,normal,1,1,100.0,4.850332789250361
RPS13,eurydendroid cell,spleen,normal,1,1,100.0,4.114367635849481
RPS14,eurydendroid cell,spleen,normal,1,1,100.0,4.020689749889801
RPS15,eurydendroid cell,spleen,normal,1,1,100.0,4.322754351895049
RPS15A,eurydendroid cell,spleen,normal,1,1,100.0,4.912965586258432
RPS16,eurydendroid cell,spleen,normal,1,1,100.0,2.828696707874695
RPS18,eurydendroid cell,spleen,normal,1,1,100.0,4.647061507109099
RPS19,eurydendroid cell,spleen,normal,1,1,100.0,4.504797718456841
RPS2,eurydendroid cell,spleen,normal,1,1,100.0,3.06518670135908
RPS21,eurydendroid cell,spleen,normal,1,1,100.0,4.79974443716068
RPS23,eurydendroid cell,spleen,normal,1,1,100.0,4.5551866251299
RPS24,eurydendroid cell,spleen,normal,1,1,100.0,4.729485366383087
RPS25,eurydendroid cell,spleen,normal,1,1,100.0,4.143454790080198
RPS26,eurydendroid cell,spleen,normal,1,1,100.0,2.463206306345495
RPS27,eurydendroid cell,spleen,normal,1,1,100.0,5.149451653504792
RPS27A,eurydendroid cell,spleen,normal,1,1,100.0,4.16966168027456
RPS27L,eurydendroid cell,spleen,normal,1,1,100.0,2.1737170638324126
RPS28,eurydendroid cell,spleen,normal,1,1,100.0,4.80184343642611
RPS29,eurydendroid cell,spleen,normal,1,1,100.0,3.109584232828956
RPS3,eurydendroid cell,spleen,normal,1,1,100.0,4.152873106473136
RPS3A,eurydendroid cell,spleen,normal,1,1,100.0,4.11370989034945
RPS4X,eurydendroid cell,spleen,normal,1,1,100.0,4.056272606916614
RPS5,eurydendroid cell,spleen,normal,1,1,100.0,3.203007634661301
RPS6,eurydendroid cell,spleen,normal,1,1,100.0,3.489132675423808
RPS7,eurydendroid cell,spleen,normal,1,1,100.0,4.216254484900454
RPS8,eurydendroid cell,spleen,normal,1,1,100.0,4.3091581578923455
RPS9,eurydendroid cell,spleen,normal,1,1,100.0,2.8511926175421776
RPSA,eurydendroid cell,spleen,normal,1,1,100.0,1.344994035968723
RRP12,eurydendroid cell,spleen,normal,1,1,100.0,1.5641349769625017
RWDD3,eurydendroid cell,spleen,normal,1,1,100.0,1.3729860395054996
S100A4,eurydendroid cell,spleen,normal,1,1,100.0,3.171764732817705
S100A6,eurydendroid cell,spleen,normal,1,1,100.0,3.8500882747547176
SAFB,eurydendroid cell,spleen,normal,1,1,100.0,1.3013331297145576
SAMHD1,eurydendroid cell,spleen,normal,1,1,100.0,1.3285576959536292
SAT1,eurydendroid cell,spleen,normal,1,1,100.0,1.5139195659536662
SDCBP,eurydendroid cell,spleen,normal,1,1,100.0,1.3530503794981372
SEC61B,eurydendroid cell,spleen,normal,1,1,100.0,1.8503506892544892
SEC61G,eurydendroid cell,spleen,normal,1,1,100.0,2.967462442585276
SECISBP2,eurydendroid cell,spleen,normal,1,1,100.0,1.2903094424651145
SELENOF,eurydendroid cell,spleen,normal,1,1,100.0,1.566036251529088
SELENOH,eurydendroid cell,spleen,normal,1,1,100.0,1.47310001808831
SELENOP,eurydendroid cell,spleen,normal,1,1,100.0,1.610334072444782
SELENOW,eurydendroid cell,spleen,normal,1,1,100.0,2.361868461867773
SELL,eurydendroid cell,spleen,normal,1,1,100.0,1.7029369569250374
SERBP1,eurydendroid cell,spleen,normal,1,1,100.0,1.3350768007558182
SERF2,eurydendroid cell,spleen,normal,1,1,100.0,2.809469424719756
SERP1,eurydendroid cell,spleen,normal,1,1,100.0,1.6012341616566634
SESN3,eurydendroid cell,spleen,normal,1,1,100.0,1.3403450641761667
SF3B1,eurydendroid cell,spleen,normal,1,1,100.0,1.7194661602501335
SGK1,eurydendroid cell,spleen,normal,1,1,100.0,1.8277335091373468
SH3BGRL,eurydendroid cell,spleen,normal,1,1,100.0,1.5565847281437548
SH3BGRL3,eurydendroid cell,spleen,normal,1,1,100.0,2.229354992695015
SIDT1,eurydendroid cell,spleen,normal,1,1,100.0,1.7327345793308897
SIKE1,eurydendroid cell,spleen,normal,1,1,100.0,2.055766153585442
SINHCAF,eurydendroid cell,spleen,normal,1,1,100.0,1.1066237312140086
SLC20A2,eurydendroid cell,spleen,normal,1,1,100.0,1.7475021041814789
SLC25A3,eurydendroid cell,spleen,normal,1,1,100.0,1.2181360591445145
SLC25A5,eurydendroid cell,spleen,normal,1,1,100.0,1.79242789639303
SLC25A6_ENSG00000169100,eurydendroid cell,spleen,normal,1,1,100.0,2.078753384790418
SLC39A4,eurydendroid cell,spleen,normal,1,1,100.0,1.7230598628514442
SLC40A1,eurydendroid cell,spleen,normal,1,1,100.0,2.657601263552455
SMARCC1,eurydendroid cell,spleen,normal,1,1,100.0,1.6925157029482731
SMDT1,eurydendroid cell,spleen,normal,1,1,100.0,1.8446300055901503
SMIM27,eurydendroid cell,spleen,normal,1,1,100.0,2.3440842677311053
SMYD4,eurydendroid cell,spleen,normal,1,1,100.0,1.6523442072621264
SND1,eurydendroid cell,spleen,normal,1,1,100.0,1.857565305381026
SNHG9,eurydendroid cell,spleen,normal,1,1,100.0,2.1715264043588145
SNRPC,eurydendroid cell,spleen,normal,1,1,100.0,1.7006074969839349
SNRPD1,eurydendroid cell,spleen,normal,1,1,100.0,1.6654739783298578
SNRPD2,eurydendroid cell,spleen,normal,1,1,100.0,1.897801776037904
SNRPE,eurydendroid cell,spleen,normal,1,1,100.0,1.978615144831332
SNRPF,eurydendroid cell,spleen,normal,1,1,100.0,2.2317099512635794
SNRPN,eurydendroid cell,spleen,normal,1,1,100.0,1.1850775481787867
SNX17,eurydendroid cell,spleen,normal,1,1,100.0,1.2288954651773372
SOD1,eurydendroid cell,spleen,normal,1,1,100.0,1.5209850393211344
SPINT2,eurydendroid cell,spleen,normal,1,1,100.0,1.8604712441947209
SQSTM1,eurydendroid cell,spleen,normal,1,1,100.0,2.2617413221126057
SRGN,eurydendroid cell,spleen,normal,1,1,100.0,1.9794688332834351
SRP14,eurydendroid cell,spleen,normal,1,1,100.0,2.2328900156674862
SRRM1,eurydendroid cell,spleen,normal,1,1,100.0,1.6133952029052012
SRSF2,eurydendroid cell,spleen,normal,1,1,100.0,2.3286654211425626
SRSF5,eurydendroid cell,spleen,normal,1,1,100.0,1.4706344052929916
SRSF6,eurydendroid cell,spleen,normal,1,1,100.0,1.2573256820797951
SS18L2,eurydendroid cell,spleen,normal,1,1,100.0,1.3878508109734875
SSR1,eurydendroid cell,spleen,normal,1,1,100.0,1.339023538986011
SSR2,eurydendroid cell,spleen,normal,1,1,100.0,1.52812921520816
STK10,eurydendroid cell,spleen,normal,1,1,100.0,1.9101580611854645
STMN1,eurydendroid cell,spleen,normal,1,1,100.0,2.230531611804631
STMP1,eurydendroid cell,spleen,normal,1,1,100.0,1.224566202717319
STOML2,eurydendroid cell,spleen,normal,1,1,100.0,1.233807172274367
STX4,eurydendroid cell,spleen,normal,1,1,100.0,1.5519098401438227
SUB1,eurydendroid cell,spleen,normal,1,1,100.0,2.3885675960503296
SUMO2,eurydendroid cell,spleen,normal,1,1,100.0,2.5393872715991583
SYNGR2,eurydendroid cell,spleen,normal,1,1,100.0,1.6200761636571983
TAF10,eurydendroid cell,spleen,normal,1,1,100.0,1.7099727423628954
TAGLN2,eurydendroid cell,spleen,normal,1,1,100.0,1.3849908209695394
TALDO1,eurydendroid cell,spleen,normal,1,1,100.0,1.6925157029482731
TAMM41,eurydendroid cell,spleen,normal,1,1,100.0,1.3807262596424164
TAOK3,eurydendroid cell,spleen,normal,1,1,100.0,1.8139485161318891
TBC1D5,eurydendroid cell,spleen,normal,1,1,100.0,1.8446300055901503
TBC1D7,eurydendroid cell,spleen,normal,1,1,100.0,1.4552407601238464
TECR,eurydendroid cell,spleen,normal,1,1,100.0,1.618528469733428
TES,eurydendroid cell,spleen,normal,1,1,100.0,1.4940316161391194
TGFB1,eurydendroid cell,spleen,normal,1,1,100.0,1.36190418770616
TIA1,eurydendroid cell,spleen,normal,1,1,100.0,1.799083938509381
TIMM8B,eurydendroid cell,spleen,normal,1,1,100.0,2.191462635282153
TM2D1,eurydendroid cell,spleen,normal,1,1,100.0,1.6545149671155086
TMA7,eurydendroid cell,spleen,normal,1,1,100.0,3.2742825579683363
TMCO1,eurydendroid cell,spleen,normal,1,1,100.0,1.4780605085790826
TMEM208,eurydendroid cell,spleen,normal,1,1,100.0,1.6216274431034536
TMEM256,eurydendroid cell,spleen,normal,1,1,100.0,2.086569520949006
TMEM258,eurydendroid cell,spleen,normal,1,1,100.0,1.8826413785197007
TMEM69,eurydendroid cell,spleen,normal,1,1,100.0,1.3557605164403042
TMEM97,eurydendroid cell,spleen,normal,1,1,100.0,1.368112270546504
TMSB10,eurydendroid cell,spleen,normal,1,1,100.0,5.359673920102487
TMSB4X,eurydendroid cell,spleen,normal,1,1,100.0,4.166583206805424
TNFAIP8,eurydendroid cell,spleen,normal,1,1,100.0,1.712925524014705
TNFRSF14-AS1,eurydendroid cell,spleen,normal,1,1,100.0,1.2765279412002946
TNFSF10,eurydendroid cell,spleen,normal,1,1,100.0,2.032526505024595
TOMM20,eurydendroid cell,spleen,normal,1,1,100.0,2.8734367971564425
TOMM22,eurydendroid cell,spleen,normal,1,1,100.0,1.175152532724416
TOMM7,eurydendroid cell,spleen,normal,1,1,100.0,2.578405063143041
TOMM70,eurydendroid cell,spleen,normal,1,1,100.0,1.499160105676065
TOPBP1,eurydendroid cell,spleen,normal,1,1,100.0,1.687934108108941
TPI1,eurydendroid cell,spleen,normal,1,1,100.0,1.5679430657980604
TPT1,eurydendroid cell,spleen,normal,1,1,100.0,2.127902483570918
TRA2A,eurydendroid cell,spleen,normal,1,1,100.0,1.534446114049491
TRA2B,eurydendroid cell,spleen,normal,1,1,100.0,1.467361950244998
TRIM28,eurydendroid cell,spleen,normal,1,1,100.0,1.7017712460921566
TSPAN12,eurydendroid cell,spleen,normal,1,1,100.0,1.712333961946947
TTC14,eurydendroid cell,spleen,normal,1,1,100.0,2.1435847303319253
TXN,eurydendroid cell,spleen,normal,1,1,100.0,1.7845216562443744
TXNL1,eurydendroid cell,spleen,normal,1,1,100.0,1.4747491632485894
TXNL4A,eurydendroid cell,spleen,normal,1,1,100.0,2.3187631234092363
TYMP,eurydendroid cell,spleen,normal,1,1,100.0,2.2157533597194785
UBA52,eurydendroid cell,spleen,normal,1,1,100.0,2.700430110663409
UBB,eurydendroid cell,spleen,normal,1,1,100.0,1.6766119821695085
UBE2A,eurydendroid cell,spleen,normal,1,1,100.0,1.1741701922585308
UBE2B,eurydendroid cell,spleen,normal,1,1,100.0,1.7413111452667631
UBE2F,eurydendroid cell,spleen,normal,1,1,100.0,1.566036251529088
UBE2G1,eurydendroid cell,spleen,normal,1,1,100.0,1.4838976566481816
UBE2K,eurydendroid cell,spleen,normal,1,1,100.0,1.5112900032694412
UBE2N,eurydendroid cell,spleen,normal,1,1,100.0,1.5785308158410334
UBL5,eurydendroid cell,spleen,normal,1,1,100.0,2.0595503118603715
UBN1,eurydendroid cell,spleen,normal,1,1,100.0,1.472277068902884
UBXN4,eurydendroid cell,spleen,normal,1,1,100.0,1.893220857516644
UQCC2,eurydendroid cell,spleen,normal,1,1,100.0,1.5069313282272534
UQCR10,eurydendroid cell,spleen,normal,1,1,100.0,1.648023420659345
UQCR11,eurydendroid cell,spleen,normal,1,1,100.0,2.5502725394583967
UQCRB,eurydendroid cell,spleen,normal,1,1,100.0,2.0028891152171964
UQCRFS1,eurydendroid cell,spleen,normal,1,1,100.0,1.4011359192509394
UQCRQ,eurydendroid cell,spleen,normal,1,1,100.0,2.526393428748366
USP22,eurydendroid cell,spleen,normal,1,1,100.0,1.8249553645938763
USP34,eurydendroid cell,spleen,normal,1,1,100.0,1.8194309365516008
VAPA,eurydendroid cell,spleen,normal,1,1,100.0,1.4889443195849938
VASH2,eurydendroid cell,spleen,normal,1,1,100.0,1.2371062377246598
VASP,eurydendroid cell,spleen,normal,1,1,100.0,1.7587849653128935
VIM,eurydendroid cell,spleen,normal,1,1,100.0,2.5642233760258075
VPS37B,eurydendroid cell,spleen,normal,1,1,100.0,1.5156786368392696
VPS4B,eurydendroid cell,spleen,normal,1,1,100.0,1.2567539640658103
WASHC4,eurydendroid cell,spleen,normal,1,1,100.0,1.8249553645938763
WDR13,eurydendroid cell,spleen,normal,1,1,100.0,1.625781826891574
WDR6,eurydendroid cell,spleen,normal,1,1,100.0,2.414677313607096
WDR70,eurydendroid cell,spleen,normal,1,1,100.0,1.6384013464153708
WDR83OS,eurydendroid cell,spleen,normal,1,1,100.0,1.8058024304333224
WWP1,eurydendroid cell,spleen,normal,1,1,100.0,1.7087951393793572
YBEY,eurydendroid cell,spleen,normal,1,1,100.0,1.5698554474978488
YBX1,eurydendroid cell,spleen,normal,1,1,100.0,2.4805561820697366
YWHAE,eurydendroid cell,spleen,normal,1,1,100.0,1.6676870985908463
YWHAQ,eurydendroid cell,spleen,normal,1,1,100.0,1.693665879167067
YWHAZ,eurydendroid cell,spleen,normal,1,1,100.0,2.08755207717278
YY1,eurydendroid cell,spleen,normal,1,1,100.0,1.3416695809958787
ZCCHC17,eurydendroid cell,spleen,normal,1,1,100.0,1.1157448855085634
ZDHHC2,eurydendroid cell,spleen,normal,1,1,100.0,2.1606627724674508
ZFAND1,eurydendroid cell,spleen,normal,1,1,100.0,1.6247408160367225
ZFAS1,eurydendroid cell,spleen,normal,1,1,100.0,1.7206620021384544
ZFP36,eurydendroid cell,spleen,normal,1,1,100.0,2.129456742738101
ZFPL1,eurydendroid cell,spleen,normal,1,1,100.0,1.7135175904438746
ZHX1,eurydendroid cell,spleen,normal,1,1,100.0,1.375789064808579
ZMYM4,eurydendroid cell,spleen,normal,1,1,100.0,1.8811423537576963
ZNF638,eurydendroid cell,spleen,normal,1,1,100.0,1.6523442072621264
ZNF681,eurydendroid cell,spleen,normal,1,1,100.0,1.793754157762533
ZNF710,eurydendroid cell,spleen,normal,1,1,100.0,1.9436053460439615
ZNF836,eurydendroid cell,spleen,normal,1,1,100.0,1.6925157029482731
ZRANB2,eurydendroid cell,spleen,normal,1,1,100.0,1.2539041485394196
